"","-","a","c","g","t","title","titleStripped"
"muehlenbergii|OAK-MOR-001467",85882,119744,86594,99416,123507,"OAK-MOR-001467","OAK-MOR-1467"
"macrocarpa|OAK-MOR-001459",26646,136321,98395,113054,140727,"OAK-MOR-001459","OAK-MOR-1459"
"muehlenbergii|OAK-MOR-001290",11113,140162,102003,116700,145165,"OAK-MOR-001290","OAK-MOR-1290"
"muehlenbergii|OAK-MOR-001304",8044,141128,102371,117478,146122,"OAK-MOR-001304","OAK-MOR-1304"
"muehlenbergii|OAK-MOR-001307",6292,141770,102695,117888,146498,"OAK-MOR-001307","OAK-MOR-1307"
"alba|OAK-MOR-001236",7095,141371,102716,117738,146223,"OAK-MOR-001236","OAK-MOR-1236"
"alba|OAK-MOR-001239",6899,141603,102561,117763,146317,"OAK-MOR-001239","OAK-MOR-1239"
"alba|OAK-MOR-001242",6744,141579,102702,117772,146346,"OAK-MOR-001242","OAK-MOR-1242"
"alba|OAK-MOR-001246",5996,141745,102792,117980,146630,"OAK-MOR-001246","OAK-MOR-1246"
"alba|OAK-MOR-001254",23752,137069,99001,113746,141575,"OAK-MOR-001254","OAK-MOR-1254"
"alba|OAK-MOR-001255",21282,137665,99630,114509,142057,"OAK-MOR-001255","OAK-MOR-1255"
"alba|OAK-MOR-001268",6134,141856,102779,117838,146536,"OAK-MOR-001268","OAK-MOR-1268"
"alba|OAK-MOR-001273",9168,140800,102301,117202,145672,"OAK-MOR-001273","OAK-MOR-1273"
"alba|OAK-MOR-001278",6187,141808,102832,117862,146454,"OAK-MOR-001278","OAK-MOR-1278"
"alba|OAK-MOR-001287",18846,138334,100272,114756,142935,"OAK-MOR-001287","OAK-MOR-1287"
"alba|OAK-MOR-001300",7907,141301,102512,117425,145998,"OAK-MOR-001300","OAK-MOR-13"
"alba|OAK-MOR-001301",48356,130330,94328,107811,134318,"OAK-MOR-001301","OAK-MOR-1301"
"alba|OAK-MOR-001311",12160,140030,101569,116451,144933,"OAK-MOR-001311","OAK-MOR-1311"
"alba|OAK-MOR-001312",5330,142061,103064,118000,146688,"OAK-MOR-001312","OAK-MOR-1312"
"alba|OAK-MOR-001329",11155,140418,101913,116570,145087,"OAK-MOR-001329","OAK-MOR-1329"
"alba|OAK-MOR-001347",12629,140104,101411,116311,144688,"OAK-MOR-001347","OAK-MOR-1347"
"alba|OAK-MOR-001349",43819,131500,94946,109117,135761,"OAK-MOR-001349","OAK-MOR-1349"
"alba|OAK-MOR-001364",24625,136667,98916,113453,141482,"OAK-MOR-001364","OAK-MOR-1364"
"alba|OAK-MOR-001371",33359,134430,97029,111550,138775,"OAK-MOR-001371","OAK-MOR-1371"
"alba|OAK-MOR-001381",11529,140148,101751,116615,145100,"OAK-MOR-001381","OAK-MOR-1381"
"alba|OAK-MOR-001388",10139,140498,102183,117119,145204,"OAK-MOR-001388","OAK-MOR-1388"
"alba|OAK-MOR-001389",7815,141232,102521,117701,145874,"OAK-MOR-001389","OAK-MOR-1389"
"muehlenbergii|OAK-MOR-001395",20843,137717,99817,114344,142422,"OAK-MOR-001395","OAK-MOR-1395"
"muehlenbergii|OAK-MOR-001397",34264,133950,96967,111212,138750,"OAK-MOR-001397","OAK-MOR-1397"
"alba|OAK-MOR-001398",49165,129883,94074,108020,134001,"OAK-MOR-001398","OAK-MOR-1398"
"macrocarpa|OAK-MOR-001415",18301,138134,100395,114988,143325,"OAK-MOR-001415","OAK-MOR-1415"
"macrocarpa|OAK-MOR-001423",9612,140780,102269,117194,145288,"OAK-MOR-001423","OAK-MOR-1423"
"alba|OAK-MOR-001429",6290,141746,102808,117869,146430,"OAK-MOR-001429","OAK-MOR-1429"
"alba|OAK-MOR-001442",7966,141384,102397,117457,145939,"OAK-MOR-001442","OAK-MOR-1442"
"alba|OAK-MOR-001446",30878,135156,97440,112128,139541,"OAK-MOR-001446","OAK-MOR-1446"
"alba|OAK-MOR-001458",69078,124650,89705,103051,128659,"OAK-MOR-001458","OAK-MOR-1458"
"alba|OAK-MOR-001462",21393,137718,99495,114252,142285,"OAK-MOR-001462","OAK-MOR-1462"
"alba|OAK-MOR-001463",11689,140397,101530,116598,144929,"OAK-MOR-001463","OAK-MOR-1463"
"alba|OAK-MOR-001466",15001,139399,100948,115763,144032,"OAK-MOR-001466","OAK-MOR-1466"
"alba|OAK-MOR-001474",9072,141105,102207,117211,145548,"OAK-MOR-001474","OAK-MOR-1474"
"alba|OAK-MOR-001475",7444,141469,102587,117607,146036,"OAK-MOR-001475","OAK-MOR-1475"
"alba|OAK-MOR-001480",7696,141341,102376,117637,146093,"OAK-MOR-001480","OAK-MOR-1480"
"alba|OAK-MOR-001483",8794,141076,102392,117225,145656,"OAK-MOR-001483","OAK-MOR-1483"
"alba|OAK-MOR-001484",7407,141413,102635,117604,146084,"OAK-MOR-001484","OAK-MOR-1484"
"alba|OAK-MOR-001488",6584,141640,102820,117726,146373,"OAK-MOR-001488","OAK-MOR-1488"
"alba|OAK-MOR-001490",4828,142129,103161,118161,146864,"OAK-MOR-001490","OAK-MOR-1490"
"alba|OAK-MOR-001491",9055,140851,102287,117237,145713,"OAK-MOR-001491","OAK-MOR-1491"
"alba|OAK-MOR-001494",8382,141128,102443,117461,145729,"OAK-MOR-001494","OAK-MOR-1494"
"alba|OAK-MOR-001496",9742,140719,102207,117163,145312,"OAK-MOR-001496","OAK-MOR-1496"
"alba|OAK-MOR-001498",8220,141320,102299,117483,145821,"OAK-MOR-001498","OAK-MOR-1498"
"alba|OAK-MOR-001499",6697,141548,102777,117725,146396,"OAK-MOR-001499","OAK-MOR-1499"
"alba|OAK-MOR-001502",6918,141620,102600,117631,146374,"OAK-MOR-001502","OAK-MOR-1502"
"alba|OAK-MOR-001504",4722,142312,103023,118202,146884,"OAK-MOR-001504","OAK-MOR-1504"
"alba|OAK-MOR-001506",9004,141060,102203,117232,145644,"OAK-MOR-001506","OAK-MOR-1506"
"bicolor|OAK-MOR-001240",38475,132959,96045,110206,137458,"OAK-MOR-001240","OAK-MOR-1240"
"muehlenbergii|OAK-MOR-001272",34404,133917,96907,111123,138792,"OAK-MOR-001272","OAK-MOR-1272"
"muehlenbergii|OAK-MOR-001275",99717,115963,83484,96330,119649,"OAK-MOR-001275","OAK-MOR-1275"
"bicolor|OAK-MOR-001291",9720,140642,102069,117014,145698,"OAK-MOR-001291","OAK-MOR-1291"
"macrocarpa|OAK-MOR-001315",13096,139642,101551,116452,144402,"OAK-MOR-001315","OAK-MOR-1315"
"bicolor|OAK-MOR-001328",9077,140919,102174,117198,145775,"OAK-MOR-001328","OAK-MOR-1328"
"bicolor|OAK-MOR-001331",55872,127967,92392,106371,132541,"OAK-MOR-001331","OAK-MOR-1331"
"alba|OAK-MOR-001419",8125,141238,102404,117592,145784,"OAK-MOR-001419","OAK-MOR-1419"
"alba|OAK-MOR-001421",11063,140444,101726,116780,145130,"OAK-MOR-001421","OAK-MOR-1421"
"bicolor|OAK-MOR-001424",12123,139996,101770,116604,144650,"OAK-MOR-001424","OAK-MOR-1424"
"bicolor|OAK-MOR-001492",5853,141812,102855,118025,146598,"OAK-MOR-001492","OAK-MOR-1492"
"lyrata|OAK-MOR-001251",14496,139585,100848,115998,144216,"OAK-MOR-001251","OAK-MOR-1251"
"macrocarpa|OAK-MOR-001241",10989,140476,101935,116775,144968,"OAK-MOR-001241","OAK-MOR-1241"
"macrocarpa|OAK-MOR-001253",10870,140470,101922,116735,145146,"OAK-MOR-001253","OAK-MOR-1253"
"macrocarpa|OAK-MOR-001256",9380,140932,102136,117244,145451,"OAK-MOR-001256","OAK-MOR-1256"
"macrocarpa|OAK-MOR-001257",7153,141445,102639,117721,146185,"OAK-MOR-001257","OAK-MOR-1257"
"macrocarpa|OAK-MOR-001258",8075,141207,102401,117648,145812,"OAK-MOR-001258","OAK-MOR-1258"
"macrocarpa|OAK-MOR-001260",13952,139621,101141,116145,144284,"OAK-MOR-001260","OAK-MOR-1260"
"macrocarpa|OAK-MOR-001261",8201,141082,102592,117421,145847,"OAK-MOR-001261","OAK-MOR-1261"
"macrocarpa|OAK-MOR-001263",9041,140947,102375,117070,145710,"OAK-MOR-001263","OAK-MOR-1263"
"macrocarpa|OAK-MOR-001264",6745,141738,102652,117690,146318,"OAK-MOR-001264","OAK-MOR-1264"
"macrocarpa|OAK-MOR-001265",13533,139780,101303,116143,144384,"OAK-MOR-001265","OAK-MOR-1265"
"macrocarpa|OAK-MOR-001266",8901,140890,102424,117194,145734,"OAK-MOR-001266","OAK-MOR-1266"
"macrocarpa|OAK-MOR-001270",10665,140567,101908,116805,145198,"OAK-MOR-001270","OAK-MOR-1270"
"macrocarpa|OAK-MOR-001271",7476,141427,102461,117631,146148,"OAK-MOR-001271","OAK-MOR-1271"
"macrocarpa|OAK-MOR-001282",9808,140695,102133,117037,145470,"OAK-MOR-001282","OAK-MOR-1282"
"macrocarpa|OAK-MOR-001286",13203,139884,101273,116210,144573,"OAK-MOR-001286","OAK-MOR-1286"
"macrocarpa|OAK-MOR-001298",7931,141112,102520,117481,146099,"OAK-MOR-001298","OAK-MOR-1298"
"macrocarpa|OAK-MOR-001303",47707,130147,94453,108247,134589,"OAK-MOR-001303","OAK-MOR-1303"
"macrocarpa|OAK-MOR-001305",8314,141033,102520,117429,145847,"OAK-MOR-001305","OAK-MOR-1305"
"macrocarpa|OAK-MOR-001306",11524,140352,101612,116725,144930,"OAK-MOR-001306","OAK-MOR-1306"
"macrocarpa|OAK-MOR-001309",14793,139497,101115,115965,143773,"OAK-MOR-001309","OAK-MOR-1309"
"macrocarpa|OAK-MOR-001310",5900,141869,102934,117953,146487,"OAK-MOR-001310","OAK-MOR-1310"
"macrocarpa|OAK-MOR-001317",5293,142138,102907,118115,146690,"OAK-MOR-001317","OAK-MOR-1317"
"alba|OAK-MOR-001318",13958,139522,101297,116033,144333,"OAK-MOR-001318","OAK-MOR-1318"
"macrocarpa|OAK-MOR-001320",7511,141331,102476,117613,146212,"OAK-MOR-001320","OAK-MOR-1320"
"macrocarpa|OAK-MOR-001321",40763,132370,95509,109577,136924,"OAK-MOR-001321","OAK-MOR-1321"
"macrocarpa|OAK-MOR-001322",13733,139598,101336,116034,144442,"OAK-MOR-001322","OAK-MOR-1322"
"macrocarpa|OAK-MOR-001323",39582,132539,96038,110058,136926,"OAK-MOR-001323","OAK-MOR-1323"
"macrocarpa|OAK-MOR-001327",68922,124555,89720,103287,128659,"OAK-MOR-001327","OAK-MOR-1327"
"macrocarpa|OAK-MOR-001333",33166,134201,97122,111721,138933,"OAK-MOR-001333","OAK-MOR-1333"
"macrocarpa|OAK-MOR-001337",13387,139885,100982,116146,144743,"OAK-MOR-001337","OAK-MOR-1337"
"macrocarpa|OAK-MOR-001338",7140,141485,102634,117836,146048,"OAK-MOR-001338","OAK-MOR-1338"
"macrocarpa|OAK-MOR-001340",20060,137966,99911,114452,142754,"OAK-MOR-001340","OAK-MOR-1340"
"macrocarpa|OAK-MOR-001341",64461,125627,90332,104268,130455,"OAK-MOR-001341","OAK-MOR-1341"
"macrocarpa|OAK-MOR-001345",27655,136032,98210,112836,140410,"OAK-MOR-001345","OAK-MOR-1345"
"macrocarpa|OAK-MOR-001346",35757,133678,96442,110836,138430,"OAK-MOR-001346","OAK-MOR-1346"
"macrocarpa|OAK-MOR-001348",40367,132497,95420,110070,136789,"OAK-MOR-001348","OAK-MOR-1348"
"macrocarpa|OAK-MOR-001357",51071,129533,93327,107348,133864,"OAK-MOR-001357","OAK-MOR-1357"
"macrocarpa|OAK-MOR-001358",38892,132596,96386,110102,137167,"OAK-MOR-001358","OAK-MOR-1358"
"macrocarpa|OAK-MOR-001361",33809,134102,96797,111481,138954,"OAK-MOR-001361","OAK-MOR-1361"
"macrocarpa|OAK-MOR-001375",173606,95328,68329,78983,98897,"OAK-MOR-001375","OAK-MOR-1375"
"macrocarpa|OAK-MOR-001379",10554,140618,101841,116821,145309,"OAK-MOR-001379","OAK-MOR-1379"
"macrocarpa|OAK-MOR-001380",7174,141359,102722,117713,146175,"OAK-MOR-001380","OAK-MOR-1380"
"macrocarpa|OAK-MOR-001384",24850,136671,98699,113440,141483,"OAK-MOR-001384","OAK-MOR-1384"
"macrocarpa|OAK-MOR-001385",7533,141340,102433,117753,146084,"OAK-MOR-001385","OAK-MOR-1385"
"macrocarpa|OAK-MOR-001386",11144,140154,101915,116837,145093,"OAK-MOR-001386","OAK-MOR-1386"
"macrocarpa|OAK-MOR-001387",7820,141187,102755,117512,145869,"OAK-MOR-001387","OAK-MOR-1387"
"macrocarpa|OAK-MOR-001391",9401,140625,102298,117193,145626,"OAK-MOR-001391","OAK-MOR-1391"
"macrocarpa|OAK-MOR-001393",6534,141657,102827,117842,146283,"OAK-MOR-001393","OAK-MOR-1393"
"macrocarpa|OAK-MOR-001394",15419,139196,101183,115484,143861,"OAK-MOR-001394","OAK-MOR-1394"
"macrocarpa|OAK-MOR-001396",9454,140848,102292,117201,145348,"OAK-MOR-001396","OAK-MOR-1396"
"alba|OAK-MOR-001399",9197,140986,102208,117132,145620,"OAK-MOR-001399","OAK-MOR-1399"
"macrocarpa|OAK-MOR-001402",32275,134567,97371,111651,139279,"OAK-MOR-001402","OAK-MOR-1402"
"macrocarpa|OAK-MOR-001403",41185,132078,95659,109413,136808,"OAK-MOR-001403","OAK-MOR-1403"
"macrocarpa|OAK-MOR-001404",14854,139525,100827,115869,144068,"OAK-MOR-001404","OAK-MOR-1404"
"macrocarpa|OAK-MOR-001405",82995,120739,86852,99829,124728,"OAK-MOR-001405","OAK-MOR-1405"
"macrocarpa|OAK-MOR-001406",41347,132183,95343,109652,136618,"OAK-MOR-001406","OAK-MOR-1406"
"macrocarpa|OAK-MOR-001407",21027,137728,99584,114441,142363,"OAK-MOR-001407","OAK-MOR-1407"
"macrocarpa|OAK-MOR-001408",16523,138964,100604,115406,143646,"OAK-MOR-001408","OAK-MOR-1408"
"macrocarpa|OAK-MOR-001409",8101,141229,102540,117333,145940,"OAK-MOR-001409","OAK-MOR-1409"
"macrocarpa|OAK-MOR-001410",68938,124452,90032,103500,128221,"OAK-MOR-001410","OAK-MOR-1410"
"macrocarpa|OAK-MOR-001411",12201,140093,101665,116495,144689,"OAK-MOR-001411","OAK-MOR-1411"
"macrocarpa|OAK-MOR-001412",13481,139774,101206,116146,144536,"OAK-MOR-001412","OAK-MOR-1412"
"macrocarpa|OAK-MOR-001413",14364,139477,101173,116069,144060,"OAK-MOR-001413","OAK-MOR-1413"
"macrocarpa|OAK-MOR-001414",15007,139252,101049,115710,144125,"OAK-MOR-001414","OAK-MOR-1414"
"macrocarpa|OAK-MOR-001416",13223,139987,101279,116295,144359,"OAK-MOR-001416","OAK-MOR-1416"
"macrocarpa|OAK-MOR-001417",8412,141040,102451,117562,145678,"OAK-MOR-001417","OAK-MOR-1417"
"macrocarpa|OAK-MOR-001418",6242,141723,102863,117945,146370,"OAK-MOR-001418","OAK-MOR-1418"
"macrocarpa|OAK-MOR-001420",10879,140266,102135,116807,145056,"OAK-MOR-001420","OAK-MOR-1420"
"macrocarpa|OAK-MOR-001422",66353,125253,90769,103991,128777,"OAK-MOR-001422","OAK-MOR-1422"
"macrocarpa|OAK-MOR-001426",9734,140738,102306,116970,145395,"OAK-MOR-001426","OAK-MOR-1426"
"macrocarpa|OAK-MOR-001427",9191,141001,102104,117216,145631,"OAK-MOR-001427","OAK-MOR-1427"
"macrocarpa|OAK-MOR-001428",9685,140873,102057,117051,145477,"OAK-MOR-001428","OAK-MOR-1428"
"macrocarpa|OAK-MOR-001432",25732,136364,98555,113348,141144,"OAK-MOR-001432","OAK-MOR-1432"
"macrocarpa|OAK-MOR-001433",10828,140523,101897,116833,145062,"OAK-MOR-001433","OAK-MOR-1433"
"macrocarpa|OAK-MOR-001434",11118,140507,101682,116853,144983,"OAK-MOR-001434","OAK-MOR-1434"
"macrocarpa|OAK-MOR-001435",13459,139853,101223,116114,144494,"OAK-MOR-001435","OAK-MOR-1435"
"macrocarpa|OAK-MOR-001436",13893,139701,101023,116064,144462,"OAK-MOR-001436","OAK-MOR-1436"
"macrocarpa|OAK-MOR-001437",10182,140654,102047,116906,145354,"OAK-MOR-001437","OAK-MOR-1437"
"macrocarpa|OAK-MOR-001438",19137,138052,100120,114982,142852,"OAK-MOR-001438","OAK-MOR-1438"
"macrocarpa|OAK-MOR-001439",17849,138582,100319,115257,143136,"OAK-MOR-001439","OAK-MOR-1439"
"macrocarpa|OAK-MOR-001440",11363,140300,101848,116556,145076,"OAK-MOR-001440","OAK-MOR-1440"
"macrocarpa|OAK-MOR-001441",7271,141464,102630,117611,146167,"OAK-MOR-001441","OAK-MOR-1441"
"macrocarpa|OAK-MOR-001443",14242,139644,101028,115972,144257,"OAK-MOR-001443","OAK-MOR-1443"
"macrocarpa|OAK-MOR-001444",14142,139617,101047,115992,144345,"OAK-MOR-001444","OAK-MOR-1444"
"macrocarpa|OAK-MOR-001447",80928,121130,87432,100529,125124,"OAK-MOR-001447","OAK-MOR-1447"
"macrocarpa|OAK-MOR-001448",43032,131716,95279,109265,135851,"OAK-MOR-001448","OAK-MOR-1448"
"macrocarpa|OAK-MOR-001449",7319,141364,102579,117637,146244,"OAK-MOR-001449","OAK-MOR-1449"
"macrocarpa|OAK-MOR-001450",9831,140767,102068,116971,145506,"OAK-MOR-001450","OAK-MOR-1450"
"macrocarpa|OAK-MOR-001451",72142,123496,89233,102516,127756,"OAK-MOR-001451","OAK-MOR-1451"
"macrocarpa|OAK-MOR-001452",6560,141505,102912,117764,146402,"OAK-MOR-001452","OAK-MOR-1452"
"macrocarpa|OAK-MOR-001453",13383,139545,101285,116225,144705,"OAK-MOR-001453","OAK-MOR-1453"
"macrocarpa|OAK-MOR-001454",14760,139213,101296,115624,144250,"OAK-MOR-001454","OAK-MOR-1454"
"macrocarpa|OAK-MOR-001461",7577,141284,102596,117493,146193,"OAK-MOR-001461","OAK-MOR-1461"
"macrocarpa|OAK-MOR-001469",8784,141034,102309,117294,145722,"OAK-MOR-001469","OAK-MOR-1469"
"macrocarpa|OAK-MOR-001471",19142,138278,99840,114845,143038,"OAK-MOR-001471","OAK-MOR-1471"
"macrocarpa|OAK-MOR-001473",6999,141458,102743,117773,146170,"OAK-MOR-001473","OAK-MOR-1473"
"macrocarpa|OAK-MOR-001477",11570,140173,101781,116602,145017,"OAK-MOR-001477","OAK-MOR-1477"
"macrocarpa|OAK-MOR-001478",9109,140960,102252,117232,145590,"OAK-MOR-001478","OAK-MOR-1478"
"alba|OAK-MOR-001481",5520,142013,102885,118091,146634,"OAK-MOR-001481","OAK-MOR-1481"
"alba|OAK-MOR-001482",6379,141774,102618,117933,146439,"OAK-MOR-001482","OAK-MOR-1482"
"macrocarpa|OAK-MOR-001485",7061,141587,102578,117801,146116,"OAK-MOR-001485","OAK-MOR-1485"
"macrocarpa|OAK-MOR-001486",5847,141906,102874,117947,146569,"OAK-MOR-001486","OAK-MOR-1486"
"macrocarpa|OAK-MOR-001487",7704,141312,102555,117645,145927,"OAK-MOR-001487","OAK-MOR-1487"
"macrocarpa|OAK-MOR-001489",6624,141650,102763,117863,146243,"OAK-MOR-001489","OAK-MOR-1489"
"alba|OAK-MOR-001493",6366,141821,102622,117838,146496,"OAK-MOR-001493","OAK-MOR-1493"
"macrocarpa|OAK-MOR-001495",7928,141333,102449,117562,145871,"OAK-MOR-001495","OAK-MOR-1495"
"macrocarpa|OAK-MOR-001497",6667,141709,102765,117754,146248,"OAK-MOR-001497","OAK-MOR-1497"
"macrocarpa|OAK-MOR-001500",5629,141936,102932,118038,146608,"OAK-MOR-001500","OAK-MOR-15"
"macrocarpa|OAK-MOR-001501",4729,142214,103118,118258,146824,"OAK-MOR-001501","OAK-MOR-1501"
"macrocarpa|OAK-MOR-001503",10625,140566,101931,116848,145173,"OAK-MOR-001503","OAK-MOR-1503"
"macrocarpa|OAK-MOR-001505",7979,141281,102492,117556,145835,"OAK-MOR-001505","OAK-MOR-1505"
"macrocarpa|OAK-MOR-001507",4849,142190,103082,118265,146757,"OAK-MOR-001507","OAK-MOR-1507"
"macrocarpa|OAK-MOR-001508",5537,142063,102998,117972,146573,"OAK-MOR-001508","OAK-MOR-1508"
"macrocarpa|OAK-MOR-001509",7501,141392,102595,117585,146070,"OAK-MOR-001509","OAK-MOR-1509"
"macrocarpa|OAK-MOR-001510",7706,141379,102696,117510,145852,"OAK-MOR-001510","OAK-MOR-1510"
"macrocarpa|OAK-MOR-001511",6002,141860,102835,117982,146464,"OAK-MOR-001511","OAK-MOR-1511"
"macrocarpa|OAK-MOR-001512",5602,141900,103036,118043,146562,"OAK-MOR-001512","OAK-MOR-1512"
"macrocarpa|OAK-MOR-001513",6644,141638,102917,117711,146233,"OAK-MOR-001513","OAK-MOR-1513"
"macrocarpa|OAK-MOR-001514",6639,141546,102840,117744,146374,"OAK-MOR-001514","OAK-MOR-1514"
"macrocarpa|OAK-MOR-001516",9386,140815,102275,117109,145558,"OAK-MOR-001516","OAK-MOR-1516"
"macrocarpa|OAK-MOR-001517",8096,141277,102422,117590,145758,"OAK-MOR-001517","OAK-MOR-1517"
"macrocarpa|OAK-MOR-001518",353977,44681,32689,37150,46646,"OAK-MOR-001518","OAK-MOR-1518"
"macrocarpa|OAK-MOR-001519",9202,140890,102298,117154,145599,"OAK-MOR-001519","OAK-MOR-1519"
"macrocarpa|OAK-MOR-001520",7604,141382,102487,117669,146001,"OAK-MOR-001520","OAK-MOR-1520"
"macrocarpa|OAK-MOR-001238",7674,141363,102643,117506,145957,"OAK-MOR-001238","OAK-MOR-1238"
"macrocarpa|OAK-MOR-001248",14932,139480,100925,115800,144006,"OAK-MOR-001248","OAK-MOR-1248"
"muehlenbergii|OAK-MOR-001431",19794,138144,99849,114717,142639,"OAK-MOR-001431","OAK-MOR-1431"
"muehlenbergii|OAK-MOR-001245",7507,141415,102583,117580,146058,"OAK-MOR-001245","OAK-MOR-1245"
"muehlenbergii|OAK-MOR-001249",37894,133266,95946,110376,137661,"OAK-MOR-001249","OAK-MOR-1249"
"muehlenbergii|OAK-MOR-001296",34635,133857,96939,111265,138447,"OAK-MOR-001296","OAK-MOR-1296"
"muehlenbergii|OAK-MOR-001324",23507,137071,98973,113706,141886,"OAK-MOR-001324","OAK-MOR-1324"
"muehlenbergii|OAK-MOR-001374",48430,129957,93787,108388,134581,"OAK-MOR-001374","OAK-MOR-1374"
"muehlenbergii|OAK-MOR-001382",5424,141956,103088,118073,146602,"OAK-MOR-001382","OAK-MOR-1382"
"muehlenbergii|OAK-MOR-001383",9639,140735,102252,117053,145464,"OAK-MOR-001383","OAK-MOR-1383"
"muehlenbergii|OAK-MOR-001464",8550,141210,102398,117331,145654,"OAK-MOR-001464","OAK-MOR-1464"
"muehlenbergii|OAK-MOR-001472",7374,141370,102662,117597,146140,"OAK-MOR-001472","OAK-MOR-1472"
"muehlenbergii|OAK-MOR-001476",7445,141389,102531,117644,146134,"OAK-MOR-001476","OAK-MOR-1476"
"muehlenbergii|OAK-MOR-001479",6299,141675,102696,117877,146596,"OAK-MOR-001479","OAK-MOR-1479"
"NA|Q.rubra-all",117712,111426,79267,94173,112565,"Q.rubra-all","Q.rubra-all"
"NA|Q.rubra-merged",263502,70686,49761,59825,71369,"Q.rubra-merged","Q.rubra-merged"
"NA|Q.rubra-transcript",356711,44549,30884,37845,45154,"Q.rubra-transcript","Q.rubra-transcript"
"alba|OAK-MOR-001445",16935,138909,100420,115447,143432,"OAK-MOR-001445","OAK-MOR-1445"
"stellata|OAK-MOR-001247",8399,141157,102289,117452,145846,"OAK-MOR-001247","OAK-MOR-1247"
"macrocarpa|OAK-MOR-001269",14047,139373,101315,116094,144314,"OAK-MOR-001269","OAK-MOR-1269"
"stellata|OAK-MOR-001289",10195,140630,101885,117056,145377,"OAK-MOR-001289","OAK-MOR-1289"
"stellata|OAK-MOR-001293",8057,141194,102416,117528,145948,"OAK-MOR-001293","OAK-MOR-1293"
"stellata|OAK-MOR-001295",8723,141122,102177,117416,145705,"OAK-MOR-001295","OAK-MOR-1295"
"stellata|OAK-MOR-001299",12108,140044,101706,116544,144741,"OAK-MOR-001299","OAK-MOR-1299"
"stellata|OAK-MOR-001372",47439,130566,94213,108242,134683,"OAK-MOR-001372","OAK-MOR-1372"
"stellata|OAK-MOR-001377",8609,140961,102273,117372,145928,"OAK-MOR-001377","OAK-MOR-1377"
"stellata|OAK-MOR-001378",35202,133760,96568,111243,138370,"OAK-MOR-001378","OAK-MOR-1378"
"stellata|OAK-MOR-001390",13202,139756,101366,116366,144453,"OAK-MOR-001390","OAK-MOR-1390"
"stellata|OAK-MOR-001392",17263,138663,100684,115540,142993,"OAK-MOR-001392","OAK-MOR-1392"
"stellata|OAK-MOR-001456",8461,141190,102308,117472,145712,"OAK-MOR-001456","OAK-MOR-1456"
"stellata|OAK-MOR-001460",9430,141011,102073,117182,145447,"OAK-MOR-001460","OAK-MOR-1460"
"stellata|OAK-MOR-001465",7955,141336,102216,117768,145868,"OAK-MOR-001465","OAK-MOR-1465"
"stellata|OAK-MOR-001468",8440,141150,102262,117483,145808,"OAK-MOR-001468","OAK-MOR-1468"
"alba|OAK-MOR-001355",79915,121460,87614,100434,125720,"OAK-MOR-001355","OAK-MOR-1355"
"macrocarpa|OAK-MOR-001319",34957,133988,96827,111134,138237,"OAK-MOR-001319","OAK-MOR-1319"
"macrocarpa|OAK-MOR-001356",71408,123924,89222,102320,128269,"OAK-MOR-001356","OAK-MOR-1356"
"stellata|OAK-MOR-001302",64955,125696,90214,103953,130325,"OAK-MOR-001302","OAK-MOR-1302"
"alba|OAK-MOR-001343",33028,134368,97289,111710,138748,"OAK-MOR-001343","OAK-MOR-1343"
"alba|OAK-MOR-001259",45656,131105,94301,108517,135564,"OAK-MOR-001259","OAK-MOR-1259"
"alba|OAK-MOR-001325",25472,136446,98874,113331,141020,"OAK-MOR-001325","OAK-MOR-1325"
"alba|OAK-MOR-001326",11015,140356,101904,116777,145091,"OAK-MOR-001326","OAK-MOR-1326"
"alba|OAK-MOR-001336",119310,110614,79220,91391,114608,"OAK-MOR-001336","OAK-MOR-1336"
"alba|OAK-MOR-001351",54231,128443,92791,106748,132930,"OAK-MOR-001351","OAK-MOR-1351"
"alba|OAK-MOR-001353",43940,131635,94853,108824,135891,"OAK-MOR-001353","OAK-MOR-1353"
"alba|OAK-MOR-001354",124392,109613,78208,90291,112639,"OAK-MOR-001354","OAK-MOR-1354"
"alba|OAK-MOR-001363",97883,116660,83611,96339,120650,"OAK-MOR-001363","OAK-MOR-1363"
"alba|OAK-MOR-001366",26843,136050,98626,112912,140712,"OAK-MOR-001366","OAK-MOR-1366"
"alba|OAK-MOR-001368",66112,125306,90349,103832,129544,"OAK-MOR-001368","OAK-MOR-1368"
"alba|OAK-MOR-001373",42185,131938,95535,109313,136172,"OAK-MOR-001373","OAK-MOR-1373"
"alba|OAK-MOR-001425",9609,140958,101914,117167,145495,"OAK-MOR-001425","OAK-MOR-1425"
"alba|OAK-MOR-001430",14115,139662,100829,116079,144458,"OAK-MOR-001430","OAK-MOR-1430"
"alba|OAK-MOR-001455",9731,140864,102092,117023,145433,"OAK-MOR-001455","OAK-MOR-1455"
"alba|OAK-MOR-001470",24315,136896,98774,113721,141437,"OAK-MOR-001470","OAK-MOR-1470"
"bicolor|OAK-MOR-001285",67894,124795,89793,103364,129297,"OAK-MOR-001285","OAK-MOR-1285"
"macrocarpa|OAK-MOR-001237",39614,132572,95720,110160,137077,"OAK-MOR-001237","OAK-MOR-1237"
"macrocarpa|OAK-MOR-001250",68642,124850,89716,103251,128684,"OAK-MOR-001250","OAK-MOR-1250"
"macrocarpa|OAK-MOR-001313",97217,116627,84336,96402,120561,"OAK-MOR-001313","OAK-MOR-1313"
"macrocarpa|OAK-MOR-001330",81802,120868,87320,100315,124838,"OAK-MOR-001330","OAK-MOR-1330"
"macrocarpa|OAK-MOR-001332",49770,129759,93577,107609,134428,"OAK-MOR-001332","OAK-MOR-1332"
"macrocarpa|OAK-MOR-001334",92047,118414,85137,97534,122011,"OAK-MOR-001334","OAK-MOR-1334"
"macrocarpa|OAK-MOR-001335",40742,132317,95695,109687,136702,"OAK-MOR-001335","OAK-MOR-1335"
"macrocarpa|OAK-MOR-001342",31278,135037,97498,112077,139253,"OAK-MOR-001342","OAK-MOR-1342"
"macrocarpa|OAK-MOR-001344",30962,135119,97428,112117,139517,"OAK-MOR-001344","OAK-MOR-1344"
"macrocarpa|OAK-MOR-001350",88797,118874,86012,98555,122905,"OAK-MOR-001350","OAK-MOR-1350"
"macrocarpa|OAK-MOR-001352",88498,119109,85467,98843,123226,"OAK-MOR-001352","OAK-MOR-1352"
"macrocarpa|OAK-MOR-001359",67172,125070,90150,103557,129194,"OAK-MOR-001359","OAK-MOR-1359"
"macrocarpa|OAK-MOR-001360",179364,93919,67287,77469,97104,"OAK-MOR-001360","OAK-MOR-1360"
"macrocarpa|OAK-MOR-001362",66041,125297,90504,103882,129419,"OAK-MOR-001362","OAK-MOR-1362"
"macrocarpa|OAK-MOR-001365",67606,124801,89850,103386,129500,"OAK-MOR-001365","OAK-MOR-1365"
"macrocarpa|OAK-MOR-001367",32210,134732,97283,111780,139138,"OAK-MOR-001367","OAK-MOR-1367"
"macrocarpa|OAK-MOR-001376",156859,100360,71554,82486,103884,"OAK-MOR-001376","OAK-MOR-1376"
"muehlenbergii|OAK-MOR-001400",224503,80958,59046,67563,83073,"OAK-MOR-001400","OAK-MOR-14"
"muehlenbergii|OAK-MOR-001243",26342,136091,98691,113088,140931,"OAK-MOR-001243","OAK-MOR-1243"
"muehlenbergii|OAK-MOR-001370",173837,95654,68483,78625,98544,"OAK-MOR-001370","OAK-MOR-1370"
"stellata|OAK-MOR-001244",10962,140495,101848,116791,145047,"OAK-MOR-001244","OAK-MOR-1244"
"stellata|OAK-MOR-001252",64598,125868,90468,104296,129913,"OAK-MOR-001252","OAK-MOR-1252"
"stellata|OAK-MOR-001369",141519,104388,74526,86218,108492,"OAK-MOR-001369","OAK-MOR-1369"
